"Status","Start Time","Stop Time","Duration in ms","Parent Suite","Suite","Sub Suite","Test Class","Test Method","Name","Description"
"passed","Tue Oct 06 15:27:19 UTC 2026","Tue Oct 06 15:27:23 UTC 2026","4000","Phoenix API Test Suite","Inwarranty Flow","com.api.tests.FDLoginAPITest","com.api.tests.FDLoginAPITest","loginAPITest","Verifying if login api is working for FD user","Verify if FD User is able to login via API"
"passed","Tue Oct 06 15:27:23 UTC 2026","Tue Oct 06 15:27:25 UTC 2026","1273","Phoenix API Test Suite","Inwarranty Flow","com.api.tests.UserDetailsAPITest","com.api.tests.UserDetailsAPITest","userDetailsAPITest","Verifying if userDetails API response is shown correctly","Verifying if userDetails API response is shown correctly"
"failed","Tue Oct 06 15:27:31 UTC 2026","Tue Oct 06 15:27:32 UTC 2026","600","Phoenix API Test Suite","Inwarranty Flow","com.api.tests.CreateJobAPIWithResponseModelTest","com.api.tests.CreateJobAPIWithResponseModelTest","createJobAPITest","Verifying if Create Job API is able to create In-Warranty Jobs",""
"passed","Tue Oct 06 15:27:31 UTC 2026","Tue Oct 06 15:27:31 UTC 2026","550","Phoenix API Test Suite","Inwarranty Flow","com.api.tests.CreateJobAPIWithDBValidationTest","com.api.tests.CreateJobAPIWithDBValidationTest","invalidTokenCreateJobAPITest","Verifying if Create Job API is giving correct status for Invalid Token",""
"passed","Tue Oct 06 15:27:27 UTC 2026","Tue Oct 06 15:27:27 UTC 2026","859","Phoenix API Test Suite","Inwarranty Flow","com.api.tests.FDMasterAPIRequestTest","com.api.tests.FDMasterAPIRequestTest","masterAPITest","Verifying if Master API is giving correct response","Verifying if Master API is giving correct response"
"passed","Tue Oct 06 15:27:25 UTC 2026","Tue Oct 06 15:27:26 UTC 2026","723","Phoenix API Test Suite","Inwarranty Flow","com.api.tests.CountAPITest","com.api.tests.CountAPITest","verifyCountAPIResponse","Verifying if Count API is working for FD user","Verifying if Count API is working for FD user"
"failed","Tue Oct 06 15:27:27 UTC 2026","Tue Oct 06 15:27:28 UTC 2026","625","Phoenix API Test Suite","Inwarranty Flow","com.api.tests.CreateJobAPITest","com.api.tests.CreateJobAPITest","createJobAPITest","Verifying if Create Job API is able to create In-Warranty Jobs","Verifying if FD is able to create In-Warranty Jobs using Create Job API"
"passed","Tue Oct 06 15:27:34 UTC 2026","Tue Oct 06 15:27:35 UTC 2026","610","Phoenix API Test Suite","Inwarranty Flow","com.api.tests.SearchAPITest","com.api.tests.SearchAPITest","seachAPItest","Verify if Search API if working as expected",""
"failed","Tue Oct 06 15:27:30 UTC 2026","Tue Oct 06 15:27:31 UTC 2026","600","Phoenix API Test Suite","Inwarranty Flow","com.api.tests.CreateJobAPIWithDBValidationTest","com.api.tests.CreateJobAPIWithDBValidationTest","createJobAPITest","Verifying if Create Job API is able to create In-Warranty Jobs",""
"passed","Tue Oct 06 15:27:30 UTC 2026","Tue Oct 06 15:27:30 UTC 2026","562","Phoenix API Test Suite","Inwarranty Flow","com.api.tests.CreateJobAPITestWithFaker","com.api.tests.CreateJobAPITestWithFaker","invalidTokenCreateJobAPITest","Verifying if Create Job API is giving correct status for Invalid Token",""
"failed","Tue Oct 06 15:27:33 UTC 2026","Tue Oct 06 15:27:34 UTC 2026","1782","Phoenix API Test Suite","Inwarranty Flow","com.api.tests.DetailsAPITest","com.api.tests.DetailsAPITest","detailsAPITest","Verifying if Details Job API is able to create In-Warranty Jobs","Verifying if Details Job API is able to create In-Warranty Jobs"
"passed","Tue Oct 06 15:27:28 UTC 2026","Tue Oct 06 15:27:29 UTC 2026","560","Phoenix API Test Suite","Inwarranty Flow","com.api.tests.CreateJobAPITest","com.api.tests.CreateJobAPITest","invalidTokenCreateJobAPITest","Verifying if Create Job API is giving correct status for Invalid Token",""
"passed","Tue Oct 06 15:27:32 UTC 2026","Tue Oct 06 15:27:33 UTC 2026","563","Phoenix API Test Suite","Inwarranty Flow","com.api.tests.CreateJobAPIWithResponseModelTest","com.api.tests.CreateJobAPIWithResponseModelTest","invalidTokenCreateJobAPITest","Verifying if Create Job API is giving correct status for Invalid Token",""
"passed","Tue Oct 06 15:27:26 UTC 2026","Tue Oct 06 15:27:27 UTC 2026","577","Phoenix API Test Suite","Inwarranty Flow","com.api.tests.FDMasterAPIRequestTest","com.api.tests.FDMasterAPIRequestTest","invalidTokenMasterAPITest","Verifying if Master API is giving correct status for Invalid Token",""
"broken","Tue Oct 06 15:27:29 UTC 2026","Tue Oct 06 15:27:30 UTC 2026","742","Phoenix API Test Suite","Inwarranty Flow","com.api.tests.CreateJobAPITestWithFaker","com.api.tests.CreateJobAPITestWithFaker","createJobAPITest","Verifying if Create Job API is able to create In-Warranty Jobs",""
"passed","Tue Oct 06 15:27:25 UTC 2026","Tue Oct 06 15:27:25 UTC 2026","672","Phoenix API Test Suite","Inwarranty Flow","com.api.tests.CountAPITest","com.api.tests.CountAPITest","countAPITest_MissingAuthToken","Verifying if Count API is giving correct status for Invalid Token",""
